{"episode#": 25000, "epsilon": 0.10441715963675793, "m_epsilon": 1, "rc_epsilon": 2.0717490408579393e-33, "learning_rate": 0.1512522100403215, "m_wins": 0, "rc_wins": 1}