{"episode#": 2300, "epsilon": 0.010188256794965985, "m_epsilon": 0.5416850759668536, "rc_epsilon": 0.9414801494009999, "learning_rate": 7.455818085512755e-10}